<?xml version="1.0" encoding="UTF-8" ?>
<!DOCTYPE mapper PUBLIC "-//mybatis.org//DTD Mapper 3.0//EN" "http://mybatis.org/dtd/mybatis-3-mapper.dtd" >
<mapper namespace="com.kitchen.mapper.OrderMapper">

    <select id="selectOrderId" resultType="java.lang.Integer" >
        select distinct t_order.order_id
        from t_order join food_order on t_order.order_id = food_order.order_id
        where food_order.status != 2;
    </select>
    <select id="selectFinished" resultType="com.kitchen.entity.TOrder">
        select order_id,user_id,table_id,total_price,memo,status,create_time,finish_time,num_people
        from t_order
        where order_id not in <foreach collection="list" index="index" item="item" open="(" separator="," close=")">
              #{item}
    </foreach>
    </select>
    <select id="selectUnfinished" resultType="com.kitchen.entity.TOrder" parameterType="java.util.List">
        select order_id,user_id,table_id,total_price,memo,status,create_time,finish_time,num_people
        from t_order
        where order_id in <foreach collection="list" index="index" item="item" open="(" separator="," close=")">
              #{item}
    </foreach>
    </select>
</mapper>