<?xml version="1.0" encoding="UTF-8" ?>
<!DOCTYPE mapper PUBLIC "-//mybatis.org//DTD Mapper 3.0//EN" "http://mybatis.org/dtd/mybatis-3-mapper.dtd" >
<mapper namespace="com.example1.mapper.UserMapper">
    <insert id="insert" parameterType="com.example1.entity.User" useGeneratedKeys="true" keyProperty="userId" keyColumn="user_id">
        insert into user (username, password, portrait, `role`, phone, salary, bonus, email)
        values (#{username}, #{password}, #{portrait}, #{role}, #{phone}, #{salary}, #{bonus}, #{email});
    </insert>

    <delete id="deleteById" parameterType="int">
       delete from user where user_id = #{id}
    </delete>

    <update id="update" parameterType="com.example1.entity.User">
        update user
        set
            <if test="username != null"> username = #{username}, </if>
            <if test="password != null"> password = #{password}, </if>
            <if test="portrait != null"> portrait = #{portrait}, </if>
            <if test="role != null"> `role` = #{role}, </if>
            <if test="phone != null"> phone = #{phone},</if>
            <if test="salary != null"> salary = #{salary},</if>
            <if test="bonus != null"> bonus = #{bonus}, </if>
            <if test="userId !=null"> user_id = #{userId} </if>
        where user_id = #{userId}
    </update>
    <update id="updateUserByUserId">
        update user set image_base64 = #{image} where user_id = 1;
    </update>

    <select id="selectById" parameterType="int" resultType="com.example1.entity.User">
        select * from user where user_id = #{id};
    </select>

    <select id="listAll" resultType="com.example1.entity.User">
        select * from user;
    </select>

    <select id="fuzzySearchByName" resultType="com.example1.entity.User">
        select * from user
        where username like concat('%', #{part}, '%')
    </select>

    <select id="listByRole" resultType="com.example1.entity.User">
        select * from user where role = #{role}
    </select>

    <select id="selectTop3Waiter" resultType="com.example1.entity.UserSales">
        select *
        from user natural join (
            select user_id, count(order_id) as sales
            from user natural join t_order
            group by user_id) as waiter_order_num
        order by sales desc
    </select>

    <select id="selectByEmail" resultType="com.example1.entity.User">
        select * from user where email = #{email};
    </select>
    <select id="getImagePathByUserId" resultType="java.lang.String">
        select image_path from user where user_id = #{userId};
    </select>

</mapper>